field_0,field_1,field_2,field_3,field_4,field_5,field_6,field_7,field_8
crop_0,1146.2941,3266.4118,crop_0,1791.4706,551.7647,crop_0,4279.2353,4557.0588
crop_1,4120.5294,4696.7647,crop_1,3642.1176,5694.5882,crop_1,4208.3529,4635.1765
crop_2,5677.8824,636.4118,crop_2,3727.2941,3145.4706,crop_2,5435.0000,5866.8824
crop_3,1589.4706,4959.5882,crop_3,4382.0588,1946.1176,crop_3,596.1765,5078.8235
crop_4,868.6471,1505.7647,crop_4,5673.9412,2137.4118,crop_4,5681.2353,4874.8824
crop_5,4072.1765,2258.0000,crop_5,3399.4706,2504.4118,crop_5,4560.0000,1615.3529
crop_6,1919.5294,2447.1176,crop_6,212.8235,3816.0000,crop_6,5517.7059,4784.6471
crop_7,471.8824,3781.9412,crop_7,177.7647,3659.6471,crop_7,1355.4706,2807.2353
crop_8,968.5882,1867.5882,crop_8,5874.1176,4256.2353,crop_8,270.7647,913.4118
crop_0,2212.7059,5538.0000,crop_0,5144.4118,1002.5294,crop_0,1977.8235,232.7647
crop_1,932.2353,387.5882,crop_1,1861.2353,2287.7059,crop_1,5226.4118,2847.1765
crop_2,3937.0000,2804.5882,crop_2,3596.0588,2135.4706,crop_2,3439.2353,2835.4706
crop_3,2755.0000,1885.1176,crop_3,3568.3529,3185.1176,crop_3,5264.1176,4937.2353
crop_4,2759.8235,134.2353,crop_4,4010.7647,1447.2941,crop_4,428.4706,1918.4706
crop_5,2849.0000,463.4706,crop_5,1021.6471,2435.3529,crop_5,510.1176,547.1176
crop_6,5542.9412,998.6471,crop_6,4959.0588,12.7647,crop_6,511.0588,2305.2941
crop_7,2298.2353,3371.1176,crop_7,2295.1176,842.0000,crop_7,2588.5882,3780.5882
crop_8,3149.3529,5417.5294,crop_8,861.0588,495.5294,crop_8,5335.0588,4335.0000
crop_0,5686.1176,363.8235,crop_0,5653.8824,2742.5294,crop_0,4249.1765,3117.9412
crop_1,3576.0000,4150.0588,crop_1,1583.7647,908.8235,crop_1,3449.5882,1812.6471
crop_2,2985.1765,3688.4706,crop_2,4555.8235,5754.5882,crop_2,3004.9412,5024.0588
crop_3,2153.7647,2690.1176,crop_3,2206.7647,4142.1176,crop_3,612.4118,220.9412
crop_4,3323.7647,2226.8824,crop_4,3101.8235,5131.1176,crop_4,3994.5882,3352.2353
crop_5,4652.6471,4500.0000,crop_5,4547.5882,3518.4706,crop_5,1595.6471,4890.2941
crop_6,3446.3529,315.1176,crop_6,5602.5882,3734.8235,crop_6,1789.9412,302.4706
crop_7,4489.9412,2406.2353,crop_7,1887.5294,1654.0588,crop_7,5150.4118,2808.0000
crop_8,3682.4706,3215.7647,crop_8,2162.4706,3239.8824,crop_8,5138.0588,1460.4118
crop_0,3989.4118,3713.0000,crop_0,2942.6471,4421.8824,crop_0,3169.8235,237.0588
crop_1,2449.8235,2691.5294,crop_1,5346.9412,3390.0588,crop_1,2557.7647,5631.6471
crop_2,3458.8235,261.7059,crop_2,4970.4118,5742.9412,crop_2,683.7647,4630.1765
crop_3,641.7059,657.2353,crop_3,4569.1765,5780.1765,crop_3,5283.6471,1349.2353
crop_4,4668.8824,3244.7059,crop_4,5536.8824,820.2353,crop_4,1824.3529,4549.9412
crop_5,4627.7647,2221.0000,crop_5,110.0588,2196.3529,crop_5,1776.4118,2107.0588
crop_6,3794.1765,435.4118,crop_6,2305.1765,1810.8235,crop_6,363.2941,4347.0000
crop_7,1292.2941,5169.9412,crop_7,3769.5882,4222.0588,crop_7,3597.8235,4987.4118
crop_8,2485.0000,1437.9412,crop_8,3537.9412,3393.7059,crop_8,3139.3529,3160.1176
crop_0,3831.1765,5134.5882,crop_0,1731.5294,2523.2941,crop_0,4860.7059,5007.1176
crop_1,2657.4706,676.4706,crop_1,2235.8824,1212.2941,crop_1,1620.5882,2573.2941
crop_2,1114.0588,863.8824,crop_2,4333.4706,1795.7059,crop_2,5696.8824,4131.5294
crop_3,5634.9412,4366.9412,crop_3,4598.9412,1276.5882,crop_3,1186.8824,3284.7059
crop_4,10.9412,4347.1765,crop_4,1602.7647,5073.3529,crop_4,5068.1765,1278.7647
crop_5,2357.7059,1667.9412,crop_5,5758.7059,3217.5882,crop_5,122.1765,577.2353
crop_6,3133.1765,5797.2353,crop_6,2259.5294,5335.2353,crop_6,287.8824,3526.4706
crop_7,5127.3529,2418.4118,crop_7,2834.0588,2464.8235,crop_7,5251.0000,3853.3529
crop_8,5784.0588,4309.1765,crop_8,3340.1176,651.8824,crop_8,656.7059,148.5882
crop_0,4783.2353,2136.4706,crop_0,1757.3529,5767.7059,crop_0,2997.6471,750.4706
crop_1,2186.5294,1171.2353,crop_1,3056.1176,4839.4118,crop_1,1047.7647,913.8824
crop_2,126.8824,2948.5882,crop_2,3026.8235,1299.9412,crop_2,5298.5294,4609.3529
crop_3,4951.9412,3376.5294,crop_3,806.0000,806.4118,crop_3,1446.0000,63.0588
crop_4,4955.7059,1178.6471,crop_4,4809.3529,441.2353,crop_4,200.1765,780.7647
crop_5,2257.4118,5496.5294,crop_5,3148.6471,5573.0000,crop_5,5718.9412,3860.9412
crop_6,46.4118,5462.6471,crop_6,3317.3529,2223.0588,crop_6,5177.5882,724.1176
crop_7,2083.1176,910.5882,crop_7,4208.9412,5516.1176,crop_7,441.5882,4060.1765
crop_8,4689.8824,5411.8235,crop_8,4226.3529,2708.0000,crop_8,3773.7647,401.1176
crop_0,3014.5294,1873.8235,crop_0,3980.2941,383.9412,crop_0,2946.0000,2629.5882
crop_1,5125.9412,3007.5882,crop_1,1428.9412,413.2941,crop_1,1302.5882,2520.2353
crop_2,4181.0588,5851.3529,crop_2,642.4706,3240.3529,crop_2,3507.0000,3119.8235
crop_3,1043.8235,2595.5882,crop_3,4159.4706,1032.8235,crop_3,2543.9412,2496.0000
crop_4,2337.5294,4983.5294,crop_4,2589.5294,529.9412,crop_4,2636.2941,5302.7059
crop_5,139.8235,210.7647,crop_5,5430.7647,3998.2941,crop_5,2821.4706,4914.4118
crop_6,4478.6471,4035.6471,crop_6,2714.4118,5817.9412,crop_6,722.7059,4258.3529
crop_7,1265.7059,1724.1176,crop_7,1967.0000,5223.4118,crop_7,2130.0588,1945.9412
crop_8,5658.6471,4350.5294,crop_8,3123.3529,1841.8824,crop_8,1552.5882,95.1176
crop_0,679.2353,4615.1765,crop_0,4669.3529,3616.1765,crop_0,3062.7059,5433.1765
crop_1,4989.8824,4564.3529,crop_1,644.6471,4237.9412,crop_1,943.8824,1479.1176
crop_2,1825.5294,5403.5294,crop_2,1333.0000,5711.7647,crop_2,3504.5294,24.1765
crop_3,4996.0000,5500.1765,crop_3,5378.4706,4706.5294,crop_3,1205.3529,4675.8824
crop_4,4842.2353,1841.2941,crop_4,959.7059,1912.2941,crop_4,2404.4118,4033.6471
crop_5,5818.2941,1160.6471,crop_5,2811.9412,4932.6471,crop_5,5108.3529,3934.8235
crop_6,3740.0588,4796.1765,crop_6,1865.1765,3468.5882,crop_6,4781.2353,3689.1765
crop_7,3251.1176,3589.2941,crop_7,5457.7059,4893.8824,crop_7,4345.0588,2707.0588
crop_8,2627.7059,2082.1176,crop_8,3565.1765,2758.5882,crop_8,4788.5294,1882.1176
crop_0,2766.4118,4950.4706,crop_0,2837.3529,1362.9412,crop_0,2633.2353,5401.0588
crop_1,1802.4706,4207.4706,crop_1,785.3529,1280.5882,crop_1,4455.0588,1692.1765
crop_2,3550.2353,280.4118,crop_2,5849.0000,724.1176,crop_2,411.3529,71.6471
crop_3,3227.0000,4580.1765,crop_3,5001.5294,2151.7647,crop_3,2154.3529,1268.7647
crop_4,3870.6471,1729.4118,crop_4,2365.7647,4508.6471,crop_4,4800.8235,1001.3529
crop_5,417.8824,4790.4706,crop_5,1158.6471,1100.8824,crop_5,2673.2353,3181.5294
crop_6,3452.7059,1068.1176,crop_6,5420.2941,3013.3529,crop_6,1604.6471,4525.8235
crop_7,5066.2353,4848.0000,crop_7,3597.4118,545.5294,crop_7,3256.9412,2106.0588
crop_8,2229.9412,4012.4706,crop_8,1584.4706,36.0000,crop_8,5496.0000,2612.1765
crop_0,5151.5882,5724.1176,crop_0,4302.0588,4910.3529,crop_0,1329.3529,5577.8235
crop_1,1058.8824,1279.5882,crop_1,2773.2353,2179.6471,crop_1,3889.4118,44.7059
crop_2,3120.2353,225.3529,crop_2,3062.7647,4692.2353,crop_2,1694.4118,3323.3529
crop_3,4196.5294,3270.8235,crop_3,5365.7059,531.3529,crop_3,2641.2353,3732.0588
crop_4,5403.2941,2165.8824,crop_4,4945.9412,3716.5294,crop_4,47.2941,3429.0000
crop_5,647.7059,5589.0588,crop_5,1560.5294,2691.4706,crop_5,3791.5294,1680.8824
crop_6,1377.5882,4759.2353,crop_6,985.5294,2120.5882,crop_6,1605.3529,2143.5882
crop_7,2148.7059,5326.7647,crop_7,589.2353,5512.0588,crop_7,1128.7647,1565.1176
crop_8,1076.1765,1449.2941,crop_8,5226.7647,5781.5882,crop_8,379.5882,1787.1176
crop_0,4845.5294,3912.2941,crop_0,1365.7059,5338.8235,crop_0,1417.7059,4676.3529
crop_1,914.4706,5397.3529,crop_1,2155.4706,4500.4706,crop_1,4724.0000,289.8235
crop_2,5784.6471,4861.7059,crop_2,4920.7059,1186.8235,crop_2,971.7059,5119.7059
crop_3,3338.1765,1111.6471,crop_3,1822.2353,2153.2941,crop_3,5044.2941,3138.3529
crop_4,4114.0588,5148.5882,crop_4,5610.1765,618.3529,crop_4,1756.7059,4870.5294
crop_5,4940.5294,1910.2353,crop_5,728.7059,5048.4706,crop_5,5087.1176,1950.9412
crop_6,921.1765,4060.8824,crop_6,2820.0588,5087.8824,crop_6,5853.6471,3910.4706
crop_7,835.1765,5786.0000,crop_7,5619.0000,862.4118,crop_7,2144.0000,2473.3529
crop_8,3395.8235,3719.0588,crop_8,2670.8235,995.8235,crop_8,2685.4706,962.3529
crop_0,1978.5882,1294.3529,crop_0,4513.1176,3742.0000,crop_0,5600.2353,5280.7059
crop_1,2341.8235,5600.0588,crop_1,4004.2941,5639.2353,crop_1,4712.2941,1661.0588
crop_2,4485.7059,847.0588,crop_2,1344.0000,784.5294,crop_2,483.0588,631.8824
crop_3,2385.6471,4141.4706,crop_3,1322.3529,5725.3529,crop_3,1805.7647,2705.2353
crop_4,2044.9412,2488.0000,crop_4,3213.5882,5215.7647,crop_4,4638.3529,5024.0000
crop_5,810.8235,410.5294,crop_5,394.5294,1168.7647,crop_5,5320.6471,2885.9412
crop_6,3105.2941,2963.4118,crop_6,5586.3529,865.1176,crop_6,4227.4706,4943.8824
crop_7,4399.8235,2239.4118,crop_7,2830.0000,149.0000,crop_7,3290.4118,632.0000
crop_8,3874.6471,4727.1765,crop_8,2294.2941,5452.4118,crop_8,974.8235,594.1176
crop_0,2256.0000,3662.2353,crop_0,817.5882,3166.5882,crop_0,4160.8824,1189.4706
crop_1,4358.5294,4940.3529,crop_1,5731.5882,2567.3529,crop_1,2281.8824,5137.6471
crop_2,2877.4118,4233.1765,crop_2,5427.1765,3348.1176,crop_2,2577.9412,4012.1765
crop_3,4461.5882,3561.3529,crop_3,1104.8235,1040.9412,crop_3,1372.0000,5548.6471
crop_4,2115.1176,4795.2941,crop_4,4943.4706,3465.4706,crop_4,2550.6471,2320.7647
crop_5,791.4706,2872.7647,crop_5,5430.0000,5784.4706,crop_5,5219.8824,231.9412
crop_6,3466.4706,2598.4118,crop_6,3729.3529,635.1176,crop_6,1850.0000,1486.2353
crop_7,2518.5294,2676.6471,crop_7,4767.1765,3275.1176,crop_7,1578.1765,3291.1176
crop_8,4349.1176,202.7647,crop_8,5713.5294,4653.7647,crop_8,5764.8824,1726.2353
crop_0,3124.1765,3307.5294,crop_0,4571.3529,5684.2353,crop_0,4424.9412,5266.8235
crop_1,4656.2941,4143.2353,crop_1,4850.9412,3637.4118,crop_1,4556.7647,4607.4118
crop_2,4902.4118,4153.2353,crop_2,4582.0588,5794.8235,crop_2,1542.1176,529.0000
crop_3,605.1176,4108.5882,crop_3,5159.7647,5091.0588,crop_3,5450.1176,3269.6471
crop_4,243.5294,2909.8824,crop_4,945.1176,1826.9412,crop_4,540.3529,5614.0588
crop_5,2107.0588,3544.8824,crop_5,1460.4706,4625.9412,crop_5,4453.2941,86.4706
crop_6,3148.2941,539.2353,crop_6,221.1176,1236.4706,crop_6,2380.0588,3532.0588
crop_7,1002.5294,1402.5294,crop_7,2914.7059,4480.1176,crop_7,5466.2941,1055.4118
crop_8,5817.0588,2906.9412,crop_8,2530.2941,7.8824,crop_8,5878.5294,2342.0000
crop_0,3848.9412,3327.4706,crop_0,3472.9412,4730.4118,crop_0,5704.7647,3128.5294
crop_1,1311.7647,579.7059,crop_1,4796.7059,4743.2941,crop_1,1200.4118,3609.4706
crop_2,2238.8235,4594.1765,crop_2,2852.2941,4099.3529,crop_2,5383.2941,3029.2353
crop_3,3657.5882,2191.4118,crop_3,4092.5882,1779.8235,crop_3,5298.8824,589.5882
crop_4,4635.2941,5878.3529,crop_4,719.0588,3744.9412,crop_4,1946.0000,1499.3529
crop_5,1182.1765,2307.8235,crop_5,3448.7647,2893.1765,crop_5,1051.8235,4237.4706
crop_6,4526.5882,326.1176,crop_6,2681.9412,4620.4706,crop_6,4082.3529,1988.5294
crop_7,4801.1765,4761.0588,crop_7,2375.8235,3410.6471,crop_7,1005.7647,5644.1176
crop_8,5184.1176,4928.8824,crop_8,3841.7647,4804.8824,crop_8,5770.6471,4689.5882
crop_0,3607.7647,2898.6471,crop_0,4027.0588,5560.8824,crop_0,4497.2941,4479.4706
crop_1,4926.8824,2225.8824,crop_1,4122.7059,4153.1176,crop_1,1871.7059,2573.7059
crop_2,5079.4706,578.1765,crop_2,2626.1176,827.4706,crop_2,1532.5882,5275.0588
crop_3,5751.2941,3970.6471,crop_3,2051.8235,1417.7647,crop_3,5485.2353,1983.4118
crop_4,2753.3529,4917.8824,crop_4,22.8824,4407.0588,crop_4,2616.0588,4079.2353
crop_5,4006.2353,3811.0000,crop_5,4108.5882,4343.1765,crop_5,4147.1176,3984.2353
crop_6,1967.6471,1752.8824,crop_6,1819.7059,1321.2353,crop_6,3347.1176,4539.0588
crop_7,1308.8235,5250.9412,crop_7,5586.0588,2469.0000,crop_7,5251.3529,606.7647
crop_8,4934.6471,843.6471,crop_8,1539.4706,1009.6471,crop_8,4335.4706,1318.3529
crop_0,5178.4118,2911.2941,crop_0,1410.2941,2666.0000,crop_0,514.4118,4936.8824
crop_1,2220.1765,5414.2353,crop_1,1823.5294,1801.0588,crop_1,3899.7647,4.7647
crop_2,3526.9412,812.4706,crop_2,5349.0588,4953.0588,crop_2,5022.6471,1619.2941
crop_3,5289.2353,4004.8235,crop_3,5506.0000,5187.5294,crop_3,2014.8235,416.1176
crop_4,2283.7059,2072.6471,crop_4,1819.4118,483.4118,crop_4,4783.5882,2319.8235
crop_5,1776.9412,484.4118,crop_5,1530.5882,4077.0000,crop_5,2529.8235,4911.4706
crop_6,2936.1176,5541.8235,crop_6,5044.1765,1340.6471,crop_6,4315.8824,5099.3529
crop_7,2304.8824,1119.2941,crop_7,3959.7059,1669.1765,crop_7,3363.1176,2031.5294
crop_8,2031.0000,4141.9412,crop_8,5877.6471,279.5882,crop_8,5589.8824,3813.2941
crop_0,2725.1176,3268.3529,crop_0,3222.2941,4807.7647,crop_0,4330.2941,5264.1765
crop_1,1346.7059,1996.0588,crop_1,3858.4706,552.3529,crop_1,904.9412,401.8824
crop_2,1095.7647,5204.9412,crop_2,1161.5882,3131.7059,crop_2,227.1176,5129.0000
crop_3,303.3529,5869.0000,crop_3,484.6471,146.1765,crop_3,3007.3529,3941.0588
crop_4,5505.5294,450.6471,crop_4,577.7059,4671.0000,crop_4,3630.7059,4968.7647
crop_5,4380.5294,1910.8824,crop_5,1969.7059,2042.0588,crop_5,1162.5294,186.1176
crop_6,5781.1176,1236.3529,crop_6,2299.1176,5778.0000,crop_6,3323.1765,3719.4706
crop_7,475.6471,5129.8824,crop_7,1188.1176,4261.1176,crop_7,105.1176,3133.7059
crop_8,2546.5294,5773.1176,crop_8,211.5294,4336.8824,crop_8,2020.8235,5240.4706
crop_0,5224.8235,3549.0000,crop_0,3042.7059,3111.4118,crop_0,5118.8824,5007.2353
crop_1,5761.6471,4859.1765,crop_1,241.2353,4849.2941,crop_1,2830.2353,3924.0000
crop_2,1919.2353,46.9412,crop_2,3351.1176,2578.4118,crop_2,2664.0588,272.2353
crop_3,2843.7647,5475.8235,crop_3,266.4706,2590.5882,crop_3,3743.4118,518.1176
crop_4,5864.3529,1922.2353,crop_4,10.2941,3254.3529,crop_4,186.8824,2713.3529
crop_5,3347.3529,2627.6471,crop_5,1758.5882,4326.5882,crop_5,1309.4118,4103.7059
crop_6,2931.7647,907.0588,crop_6,647.5882,761.0588,crop_6,4486.5294,5752.6471
crop_7,4430.7647,1258.4706,crop_7,3230.4706,5663.1765,crop_7,1112.0000,2677.7647
crop_8,5206.9412,485.8824,crop_8,827.2941,1752.2353,crop_8,3809.2941,516.1176
crop_0,3521.7647,509.8235,crop_0,4501.3529,4458.2941,crop_0,2733.2353,1170.5294
crop_1,4220.4706,1989.3529,crop_1,5128.9412,1042.2941,crop_1,2093.0000,4982.9412
crop_2,1390.5294,2413.2353,crop_2,1995.7647,5521.0588,crop_2,2522.1176,2623.5882
crop_3,3969.7059,5784.6471,crop_3,764.6471,2758.6471,crop_3,5059.8235,2426.2353
crop_4,3814.6471,4291.4118,crop_4,2808.7647,2099.5882,crop_4,2810.4706,1366.2353
crop_5,5156.6471,2771.6471,crop_5,2509.8235,259.6471,crop_5,4966.7059,5223.0000
crop_6,1495.2353,1813.2353,crop_6,125.1176,2371.2353,crop_6,2600.8235,459.1176
crop_7,4707.1765,810.8824,crop_7,5380.8824,5585.5882,crop_7,3718.0000,2208.2353
crop_8,5456.7647,1450.4118,crop_8,5061.0000,4157.2941,crop_8,5364.8824,2226.1765
crop_0,3747.7647,1927.1176,crop_0,5419.9412,1167.7059,crop_0,3591.7059,3244.6471
crop_1,2634.1176,2893.8235,crop_1,229.8235,4706.8235,crop_1,4775.3529,4761.0000
crop_2,555.0588,3714.6471,crop_2,2094.2941,3524.4118,crop_2,1288.6471,610.3529
crop_3,3618.2353,4477.7059,crop_3,4397.1765,3449.4706,crop_3,988.2353,2942.4118
crop_4,3679.8824,1079.0000,crop_4,3190.1765,2413.0000,crop_4,1670.8824,5142.2941
crop_5,2298.1176,4089.7059,crop_5,1346.9412,2369.7059,crop_5,3680.0000,1794.4118
crop_6,514.2941,3772.5882,crop_6,3108.5294,1057.2941,crop_6,4772.8235,5762.1176
crop_7,2021.3529,4331.1176,crop_7,27.5882,3324.7647,crop_7,3806.9412,5139.7059
crop_8,702.8235,1419.7059,crop_8,2562.6471,2469.1176,crop_8,3476.4118,2831.0588
crop_0,324.5882,558.7647,crop_0,4049.7059,3904.7647,crop_0,2871.1765,44.8235
crop_1,491.5882,2345.0588,crop_1,3082.4118,322.5882,crop_1,3527.4706,1070.1176
crop_2,454.8235,5690.9412,crop_2,166.3529,5425.9412,crop_2,860.5882,5660.8235
crop_3,2145.4118,2293.9412,crop_3,4034.4118,3600.9412,crop_3,4364.8824,711.9412
crop_4,1038.1176,5175.8824,crop_4,2627.7647,1681.2941,crop_4,5452.8235,1922.2353
crop_5,2923.5882,4921.4706,crop_5,561.4118,2597.2941,crop_5,2219.1765,645.8824
crop_6,5020.7059,2355.7059,crop_6,5586.2941,4835.9412,crop_6,597.7059,2757.2941
crop_7,5394.2353,4791.7059,crop_7,2195.5882,3839.2941,crop_7,169.7647,5803.6471
crop_8,4502.8824,1454.7059,crop_8,4097.5882,2908.9412,crop_8,1107.8235,2097.3529
crop_0,5136.1176,2841.4118,crop_0,2567.1765,5701.8824,crop_0,5386.1765,4950.1765
crop_1,2529.6471,5111.1176,crop_1,4810.4118,3900.8824,crop_1,3262.2353,2351.2941
crop_2,2831.2941,4235.0000,crop_2,3003.8824,2078.7059,crop_2,2592.0000,5300.7647
crop_3,5413.6471,4442.4118,crop_3,4666.9412,885.7059,crop_3,3707.7059,2053.9412
crop_4,3848.0588,17.2941,crop_4,4750.8235,5817.7059,crop_4,5357.5294,887.0000
crop_5,3838.8235,2823.4118,crop_5,5458.1765,3764.1765,crop_5,5774.3529,2745.1176
crop_6,3549.2353,5490.0588,crop_6,2691.2941,3231.2353,crop_6,1953.3529,5817.5294
crop_7,4948.1765,1950.7059,crop_7,5327.8824,2534.6471,crop_7,5307.2353,3349.8235
crop_8,5813.9412,3213.7647,crop_8,4953.6471,242.2941,crop_8,5268.0000,3198.1176
crop_0,3458.2353,3815.8235,crop_0,4940.0000,5604.1176,crop_0,204.9412,2204.7647
crop_1,2164.7647,5128.1765,crop_1,3531.2353,5880.8235,crop_1,1278.8824,2832.5882
crop_2,2349.9412,3392.8235,crop_2,1927.7647,2759.4118,crop_2,297.2941,758.0000
crop_3,4423.7647,469.4118,crop_3,4700.7059,4392.8824,crop_3,4157.1176,1574.9412
crop_4,1585.0000,2289.1176,crop_4,2419.7647,1797.8235,crop_4,3148.2941,3219.5294
crop_5,1531.3529,2139.2941,crop_5,2380.2941,5009.0000,crop_5,534.7647,2786.8824
crop_6,5583.0588,1543.0588,crop_6,3304.6471,4241.7647,crop_6,1078.8235,3737.0588
crop_7,1889.7059,37.8824,crop_7,5222.8824,3245.0000,crop_7,1215.6471,3074.6471
crop_8,2092.7059,2124.9412,crop_8,5600.0000,4208.8824,crop_8,5026.5882,1077.7059
crop_0,1684.2941,4257.8235,crop_0,2564.2353,5679.5882,crop_0,5316.7647,5604.8824
crop_1,1573.7059,1374.1765,crop_1,1926.4706,65.2353,crop_1,1861.5294,5145.4706
crop_2,4223.9412,2632.2941,crop_2,628.3529,368.5294,crop_2,1844.1765,3624.1176
crop_3,2250.0588,3086.9412,crop_3,615.1765,2200.1176,crop_3,3497.5882,4222.7059
crop_4,4793.1176,2917.4118,crop_4,5388.5294,867.4706,crop_4,355.8235,3134.7647
crop_5,3624.7647,356.4118,crop_5,426.3529,5530.5882,crop_5,3172.9412,2941.0588
crop_6,389.0588,883.8235,crop_6,2578.0000,3839.0000,crop_6,335.2941,3178.6471
crop_7,616.0588,287.2353,crop_7,2595.1765,871.5294,crop_7,5641.5294,5575.2941
crop_8,2368.5882,2914.0588,crop_8,5351.5294,1572.8824,crop_8,4213.2941,464.4706
crop_0,2804.2941,3162.2353,crop_0,5521.1176,4259.4118,crop_0,1534.9412,1159.8824
crop_1,1565.5294,5845.8824,crop_1,2047.8235,2360.0000,crop_1,5381.5882,2294.4706
crop_2,3030.2941,1055.8235,crop_2,2202.1176,2044.0588,crop_2,20.4706,1937.9412
crop_3,3809.7647,4178.4706,crop_3,145.4706,51.8235,crop_3,5024.3529,5520.5882
crop_4,2190.8824,141.8824,crop_4,1109.1176,1542.2353,crop_4,621.6471,979.5882
crop_5,3636.2941,5673.4706,crop_5,5880.4706,2577.3529,crop_5,1786.0588,2615.8235
crop_6,322.7059,3403.2353,crop_6,4234.7647,1773.8235,crop_6,2177.1765,953.9412
crop_7,1725.1765,3995.1176,crop_7,993.4706,4164.7059,crop_7,2487.1176,4650.0000
crop_8,1943.0588,4188.9412,crop_8,2400.5882,2221.8235,crop_8,5150.9412,5621.7059
crop_0,4821.0588,2439.8824,crop_0,306.8824,3543.9412,crop_0,4334.2941,2062.9412
crop_1,154.4118,4351.7647,crop_1,3240.9412,4041.0588,crop_1,3342.5882,365.4118
crop_2,5788.2353,1360.6471,crop_2,2837.9412,3091.0588,crop_2,1722.1765,1120.4706
crop_3,3478.1765,5801.8235,crop_3,4844.3529,4855.1176,crop_3,649.8235,4098.7647
crop_4,859.9412,951.9412,crop_4,5704.4118,4938.8824,crop_4,5605.2941,1029.7059
crop_5,4655.8235,2575.3529,crop_5,3198.0000,1369.3529,crop_5,366.2353,4990.6471
