field_0,field_1,field_2,field_3,field_4,field_5,field_6,field_7
crop_0,2465.1765,2402.6471,crop_0,930.5882,1765.9412,crop_0,4757.7059
crop_1,831.4706,63.2353,crop_1,3596.8824,3018.2353,crop_1,3451.0588
crop_2,892.0000,5657.2941,crop_2,2671.1765,3845.6471,crop_2,4849.9412
crop_3,3816.4706,4921.7059,crop_3,1534.4706,3465.5294,crop_3,2477.0588
crop_4,1747.7059,551.1176,crop_4,3206.0588,3195.7059,crop_4,5041.9412
crop_5,1989.9412,2201.0000,crop_5,66.8824,5515.8824,crop_5,857.9412
crop_6,5642.0000,3266.0588,crop_6,4011.8824,4002.4118,crop_6,5435.5294
crop_7,5180.4118,4703.9412,crop_7,5304.0000,352.2941,crop_7,1593.5882
crop_8,1524.6471,2171.0588,crop_8,5156.8235,3860.6471,crop_8,4148.3529
crop_0,1821.6471,1222.6471,crop_0,3137.3529,3201.3529,crop_0,3046.8824
crop_1,1016.0000,2056.1176,crop_1,2540.5294,5594.4118,crop_1,4178.0000
crop_2,1042.5294,76.8824,crop_2,3080.8824,823.2941,crop_2,3346.4118
crop_3,136.8235,3404.6471,crop_3,4939.4706,3375.6471,crop_3,5621.4706
crop_4,1099.2353,5592.3529,crop_4,1626.1176,3877.6471,crop_4,1376.0588
crop_5,376.5294,5738.7059,crop_5,2718.5882,1615.2941,crop_5,68.0588
crop_6,1085.0588,915.8235,crop_6,804.7647,527.4118,crop_6,4889.7059
crop_7,5621.4706,3079.3529,crop_7,2235.1176,5187.2941,crop_7,1384.7059
crop_8,3294.1765,1862.7647,crop_8,2155.8824,5287.3529,crop_8,5297.8824
crop_0,2764.8235,5472.4118,crop_0,376.5882,953.0000,crop_0,2923.1176
crop_1,3826.5882,1537.6471,crop_1,3571.8235,466.8235,crop_1,213.7647
crop_2,680.9412,3792.7647,crop_2,5629.7647,4837.0000,crop_2,3730.5294
crop_3,2986.1765,4043.8824,crop_3,4251.6471,873.0000,crop_3,5701.4706
crop_4,4868.7647,3206.7647,crop_4,5455.6471,2590.4118,crop_4,1423.6471
crop_5,3228.6471,2900.9412,crop_5,1016.5882,5792.0000,crop_5,1474.0588
crop_6,1651.8235,3702.4118,crop_6,3478.3529,2441.4118,crop_6,236.1176
crop_7,288.1765,3709.4118,crop_7,4636.2353,1036.8235,crop_7,1656.0588
crop_8,124.4118,5469.2353,crop_8,2695.5882,957.2941,crop_8,3913.4706
crop_0,3533.7647,4351.8235,crop_0,1633.3529,5430.0000,crop_0,5691.1765
crop_1,2249.2941,3598.8235,crop_1,614.2353,914.8235,crop_1,1140.8235
crop_2,3313.8235,4299.1176,crop_2,5406.1176,1559.2353,crop_2,3380.1176
crop_3,5692.0588,1301.9412,crop_3,1785.2353,103.0588,crop_3,4928.8824
crop_4,1709.1176,5480.2941,crop_4,5541.9412,4285.7059,crop_4,4348.5882
crop_5,5660.5882,3438.5882,crop_5,3788.5882,768.0588,crop_5,4203.8235
crop_6,4436.4118,5779.5882,crop_6,1958.0000,4939.8235,crop_6,557.2353
crop_7,4081.1765,3433.0588,crop_7,3244.6471,5395.8824,crop_7,4759.1765
crop_8,2357.4118,5484.7647,crop_8,2378.4118,4492.6471,crop_8,4429.4118
crop_0,5331.4118,3797.3529,crop_0,5201.7059,2722.0000,crop_0,5275.4706
crop_1,3606.8824,2215.6471,crop_1,3058.0588,442.7059,crop_1,4986.1176
crop_2,3971.1176,2897.1176,crop_2,2038.3529,3464.1176,crop_2,2512.1765
crop_3,2227.9412,2673.0000,crop_3,5042.5882,4088.2941,crop_3,983.5882
crop_4,3421.4118,3155.3529,crop_4,685.1765,2841.9412,crop_4,2401.2941
crop_5,1387.9412,323.1176,crop_5,5697.5294,4560.1765,crop_5,3638.1176
crop_6,884.7647,2136.5882,crop_6,4099.3529,1966.3529,crop_6,2682.1176
crop_7,976.4706,4627.8235,crop_7,4895.0588,5727.2941,crop_7,4069.3529
crop_8,3508.5882,854.3529,crop_8,1736.5294,4451.8824,crop_8,5166.6471
crop_0,1040.5294,334.5294,crop_0,5213.0588,4019.9412,crop_0,336.5294
crop_1,1124.0000,593.7059,crop_1,2212.5882,1655.0000,crop_1,3177.1765
crop_2,3855.7647,5616.1765,crop_2,2269.0588,1801.4706,crop_2,413.8235
crop_3,3246.4706,4033.4118,crop_3,5112.7059,1876.0000,crop_3,5590.6471
crop_4,116.1765,4442.6471,crop_4,4427.4706,5711.4706,crop_4,1796.5882
crop_5,5047.7059,643.7647,crop_5,5583.6471,5316.8824,crop_5,3391.4706
crop_6,3130.2941,2608.3529,crop_6,3725.0588,4741.2941,crop_6,1915.2353
crop_7,4758.3529,3634.9412,crop_7,5544.5882,4305.1176,crop_7,4248.2941
crop_8,2698.7059,3482.8824,crop_8,2726.2941,2171.6471,crop_8,3630.1176
crop_0,2633.7647,108.2941,crop_0,675.8824,414.5294,crop_0,1691.7647
crop_1,5211.8824,192.3529,crop_1,3604.7647,3815.3529,crop_1,3283.4118
crop_2,1889.3529,4345.1176,crop_2,58.5882,5428.2941,crop_2,140.1176
crop_3,5526.9412,3488.4118,crop_3,569.2353,4121.2353,crop_3,4689.8235
crop_4,4467.6471,1197.1765,crop_4,4099.7647,1565.7647,crop_4,3308.0588
crop_5,3556.8235,812.7059,crop_5,5358.6471,3155.2353,crop_5,4131.7647
crop_6,4950.2353,4931.5882,crop_6,929.4118,4310.1765,crop_6,5725.0588
crop_7,5061.2941,4297.4118,crop_7,704.0000,2234.1765,crop_7,3771.2941
crop_8,2622.8824,869.2941,crop_8,194.8235,1221.7059,crop_8,1062.6471
crop_0,2738.9412,5261.1765,crop_0,632.5882,3868.7059,crop_0,3247.8235
crop_1,4027.8235,1894.0000,crop_1,2657.5294,284.8824,crop_1,1992.6471
crop_2,1372.2941,1321.7059,crop_2,5092.2941,2094.1765,crop_2,1628.2353
crop_3,4962.2941,3415.7059,crop_3,2821.7059,2768.0000,crop_3,498.0588
crop_4,1367.2353,3115.3529,crop_4,2252.5882,5703.5294,crop_4,1396.4118
crop_5,2337.7647,76.0588,crop_5,1934.0588,1467.2353,crop_5,5495.4706
crop_6,4855.1765,5750.0588,crop_6,1051.7647,854.5882,crop_6,2660.7647
crop_7,3694.1765,2760.9412,crop_7,561.5294,4923.0588,crop_7,1035.5294
crop_8,5388.7647,886.4118,crop_8,3380.5882,5226.3529,crop_8,861.7647
crop_0,1309.5294,4853.7647,crop_0,1581.2353,3530.1176,crop_0,5634.0000
crop_1,2073.2941,829.0000,crop_1,2082.7647,4319.7647,crop_1,2787.8824
crop_2,800.0588,4355.6471,crop_2,196.1176,4948.3529,crop_2,2043.3529
crop_3,4960.5294,5596.2353,crop_3,2001.3529,2789.8235,crop_3,3089.2353
crop_4,2868.5294,4978.4118,crop_4,2513.2353,2291.0000,crop_4,4533.5882
crop_5,5694.5294,573.8235,crop_5,5767.8235,2207.1765,crop_5,1193.7647
crop_6,908.5882,2311.1765,crop_6,5029.0000,425.2353,crop_6,4116.4706
crop_7,12.0000,2372.9412,crop_7,4816.6471,2203.0000,crop_7,2305.7647
crop_8,37.7647,2641.6471,crop_8,4488.8235,3186.1765,crop_8,3311.1765
crop_0,578.4118,4627.2941,crop_0,3433.3529,5239.4118,crop_0,5142.5294
crop_1,4197.4706,3099.8235,crop_1,5727.2353,1514.6471,crop_1,663.8824
crop_2,2513.8235,3372.6471,crop_2,413.3529,2415.0588,crop_2,96.0588
crop_3,915.1176,4011.1176,crop_3,4697.0588,441.9412,crop_3,1391.1176
crop_4,5256.7647,145.8824,crop_4,3044.0588,1941.2941,crop_4,5323.5882
crop_5,4423.1765,2239.8824,crop_5,4656.8824,4916.3529,crop_5,2618.9412
crop_6,4172.4706,4605.9412,crop_6,5292.0000,4504.8824,crop_6,4121.4706
crop_7,2179.5882,3451.1176,crop_7,2644.7647,3468.3529,crop_7,5511.1765
crop_8,4491.8235,5550.5294,crop_8,3624.5882,2873.0588,crop_8,5316.4706
crop_0,5443.8824,1587.5882,crop_0,1432.2353,2476.2353,crop_0,806.1176
crop_1,3284.9412,4506.4706,crop_1,638.3529,5031.7647,crop_1,4838.2941
crop_2,5237.0000,5319.9412,crop_2,4629.5294,4764.8235,crop_2,2425.3529
crop_3,807.7059,2055.2941,crop_3,3767.0000,3068.7647,crop_3,4777.8235
crop_4,4544.0588,4800.9412,crop_4,4130.1765,5738.7647,crop_4,2557.8824
crop_5,2872.6471,635.5882,crop_5,940.4706,3487.7647,crop_5,440.9412
crop_6,3317.1176,4136.4118,crop_6,9.4118,4550.7647,crop_6,358.5882
crop_7,4742.8824,3019.1176,crop_7,4978.3529,1698.5882,crop_7,1696.2941
crop_8,3215.2941,5137.7647,crop_8,2909.4706,2962.4706,crop_8,3745.1176
crop_0,5215.4118,5529.8235,crop_0,1.3529,4559.8824,crop_0,3987.9412
crop_1,177.5882,2361.0000,crop_1,2490.9412,1960.1176,crop_1,290.5882
crop_2,3355.6471,2510.2353,crop_2,1187.6471,4127.7059,crop_2,1808.8235
crop_3,3527.5294,5675.2353,crop_3,5437.9412,2315.4118,crop_3,2916.8235
crop_4,4792.2353,1217.2941,crop_4,2484.5882,879.8235,crop_4,1899.0000
crop_5,2166.5882,3040.5294,crop_5,5176.8824,1489.7059,crop_5,1029.4706
crop_6,1740.0000,2433.0588,crop_6,927.6471,3860.0000,crop_6,3777.7647
crop_7,4384.4706,3848.9412,crop_7,2698.7059,5275.1176,crop_7,3091.6471
crop_8,1572.1765,2825.4706,crop_8,2373.7647,2110.2353,crop_8,422.4706
crop_0,1962.6471,5018.3529,crop_0,5029.8235,429.7647,crop_0,5314.2941
crop_1,4419.2941,5326.0000,crop_1,5271.3529,1539.5882,crop_1,5537.4118
crop_2,3916.2353,929.7647,crop_2,4631.4706,794.0588,crop_2,3284.9412
crop_3,4320.3529,5520.4118,crop_3,4868.0588,5620.5294,crop_3,4820.3529
crop_4,404.9412,544.1176,crop_4,2763.2353,494.1176,crop_4,1297.1765
crop_5,5401.1765,394.5882,crop_5,4778.7059,2671.2941,crop_5,4016.1765
crop_6,402.0588,3562.7059,crop_6,3403.9412,488.3529,crop_6,5590.2941
crop_7,4693.8824,5305.9412,crop_7,761.0588,1961.1176,crop_7,4770.1765
crop_8,3931.4706,4980.8824,crop_8,4105.7059,2972.5882,crop_8,4861.6471
crop_0,5613.5294,963.0588,crop_0,1399.5882,853.7059,crop_0,4555.1176
crop_1,1303.0000,1298.7059,crop_1,4733.6471,2107.6471,crop_1,1959.7647
crop_2,1151.0000,989.4706,crop_2,4686.7059,1591.1765,crop_2,5711.6471
crop_3,5357.0588,4900.4706,crop_3,2709.5882,891.0000,crop_3,125.9412
crop_4,964.2941,1954.7059,crop_4,4565.5882,5734.0000,crop_4,4614.1765
crop_5,4308.0000,4528.1176,crop_5,1181.4118,4568.4706,crop_5,2884.9412
crop_6,433.3529,3167.6471,crop_6,4508.0588,5156.2353,crop_6,5174.1176
crop_7,1501.5882,5507.4706,crop_7,2950.3529,1394.7647,crop_7,1183.9412
crop_8,4033.0588,3317.5882,crop_8,1602.2941,1545.2941,crop_8,4342.5882
crop_0,4296.4118,4322.5294,crop_0,1182.6471,5253.8235,crop_0,1898.3529
crop_1,3341.7059,3112.1176,crop_1,231.8235,5695.4118,crop_1,362.1176
crop_2,4208.2941,2000.9412,crop_2,2294.5882,846.3529,crop_2,5301.8235
crop_3,2711.8824,300.1765,crop_3,3155.1176,2807.9412,crop_3,4204.7059
crop_4,2424.9412,4038.2353,crop_4,675.9412,2763.2353,crop_4,1758.3529
crop_5,3422.7059,542.6471,crop_5,4241.5294,5627.5294,crop_5,1978.3529
crop_6,1778.5294,503.8824,crop_6,4306.8235,4892.5882,crop_6,27.1765
crop_7,742.5294,5042.3529,crop_7,1696.6471,5100.0000,crop_7,2988.8824
crop_8,4833.8824,1164.1765,crop_8,1097.8824,1643.4706,crop_8,4971.6471
crop_0,5231.5882,2036.7647,crop_0,5315.9412,2911.8824,crop_0,2329.7059
crop_1,3996.8824,521.6471,crop_1,266.4118,5667.0000,crop_1,2338.6471
crop_2,4011.6471,2907.1765,crop_2,1475.4118,2434.8235,crop_2,5584.2353
crop_3,5643.3529,2111.1765,crop_3,5577.1176,3355.5882,crop_3,5395.4706
crop_4,1301.2353,5199.5294,crop_4,3440.3529,5825.2353,crop_4,1192.2941
crop_5,5165.2941,1234.4706,crop_5,1407.7059,2118.5294,crop_5,748.9412
crop_6,1070.6471,3495.8824,crop_6,5099.8235,3397.5882,crop_6,677.5294
crop_7,1617.1765,794.5882,crop_7,184.7647,809.0000,crop_7,4153.6471
crop_8,2200.5882,4435.0588,crop_8,2980.5882,5671.1176,crop_8,3519.8824
crop_0,4656.9412,925.7059,crop_0,4941.1176,229.8824,crop_0,2342.8824
crop_1,1104.8824,3738.2941,crop_1,3359.2353,164.7059,crop_1,3538.5882
crop_2,2454.4706,4812.0000,crop_2,5378.4118,322.2941,crop_2,4726.8824
crop_3,5747.4118,1132.6471,crop_3,5847.2353,4711.3529,crop_3,4713.8235
crop_4,3916.2941,2797.3529,crop_4,5318.1176,1445.4706,crop_4,2556.8235
crop_5,1884.2941,1615.1765,crop_5,1282.8235,4566.5882,crop_5,4552.9412
crop_6,5518.0000,1142.0000,crop_6,1007.4118,1793.5294,crop_6,4508.6471
crop_7,4644.0588,3110.9412,crop_7,4235.7059,5247.3529,crop_7,3139.5294
crop_8,876.2941,2420.3529,crop_8,1139.4706,2612.4706,crop_8,4006.0000
crop_0,845.9412,3208.2941,crop_0,3867.8235,4190.8235,crop_0,2491.1176
crop_1,2026.9412,1601.7059,crop_1,2402.2353,4206.0588,crop_1,4330.9412
crop_2,4751.4706,2724.8235,crop_2,398.3529,5195.5294,crop_2,627.4118
crop_3,5429.7647,823.5882,crop_3,5665.2941,5126.1765,crop_3,4136.3529
crop_4,1672.3529,2019.4706,crop_4,3444.0588,2616.7647,crop_4,4734.5882
crop_5,5875.5882,2446.3529,crop_5,938.0588,3255.8235,crop_5,3417.2941
crop_6,333.8824,2367.0588,crop_6,2664.4118,2293.6471,crop_6,4114.3529
crop_7,2366.6471,1041.6471,crop_7,5307.1765,5589.2353,crop_7,5470.0000
crop_8,5580.7647,4169.0000,crop_8,1378.9412,3768.7647,crop_8,575.7647
crop_0,5083.5294,1384.8824,crop_0,2864.0588,1830.8235,crop_0,5119.0000
crop_1,753.2941,40.2353,crop_1,375.0588,506.0000,crop_1,5587.8235
crop_2,2998.1176,4024.0000,crop_2,5864.2941,3295.0000,crop_2,2759.0000
crop_3,96.3529,2901.9412,crop_3,4952.7647,4555.9412,crop_3,1813.2353
crop_4,2171.3529,652.2353,crop_4,2018.5882,5037.7647,crop_4,3646.9412
crop_5,3763.2353,5506.9412,crop_5,4897.5882,4833.0588,crop_5,4336.1765
crop_6,3887.0588,3349.0588,crop_6,4892.2353,4527.8824,crop_6,3351.0000
crop_7,1439.8824,4834.8824,crop_7,201.9412,4239.8235,crop_7,2700.6471
crop_8,138.8235,4629.4706,crop_8,907.3529,3678.8824,crop_8,1247.7647
crop_0,890.7059,3382.3529,crop_0,3710.4706,3938.3529,crop_0,485.0000
crop_1,5407.5294,2325.4118,crop_1,1362.5294,4931.1765,crop_1,5652.5882
crop_2,1669.0588,5881.4118,crop_2,1410.9412,4159.8824,crop_2,2247.7647
crop_3,2701.7059,4937.8824,crop_3,2035.2353,4291.4118,crop_3,3736.8235
crop_4,2012.5294,1800.7647,crop_4,1499.4706,367.4706,crop_4,5129.3529
crop_5,2407.7647,1281.6471,crop_5,2015.0000,2649.5294,crop_5,195.6471
crop_6,3260.8824,2650.6471,crop_6,2533.0000,112.0588,crop_6,3820.5882
crop_7,3087.7647,3044.0000,crop_7,3194.8824,2485.1765,crop_7,1661.5882
crop_8,1881.8235,2114.5294,crop_8,1110.4118,3326.4706,crop_8,1216.5882
